{
  "width": 1466.979248046875,
  "height": 707.9791870117188
}